name,email
ABA,seanhkim@berkeley.edu
180 Degrees Consulting at Berkeley ,recruitment.berkeley@180dc.org
Abba Modern,abbamodern@gmail.com
5&2 Community Service,fiveandtwo.berkeley@gmail.com
3DMC,3dmc.berkeley@gmail.com
3D Modeling and Animation at Berkeley,3dma.at.berkeley@gmail.com
A Better Way at Berkeley,officers@abetterway.berkeley.edu
30 Minutes,
Acacia,cal5@acacia.org
Academic Cultural Enrichment Coaches,acecoaches@berkeley.edu
Active for Alzheimer's at Berkeley,afaberkeley@gmail.com
Aerospace SAE,calasae@gmail.com
Afghan Student Association,calasapresident@gmail.com
AFX Dance,afxdance@gmail.com
Aion - alpha Kappa Delta Phi,expansion@akdphi.org 
AI in Medicine at Berkeley,
Alianza Latine for Public Health Action (Formerly Alianza Latinx for Public Health Action),alianzagrads@gmail.com
Air Bears - Skydiving Club at Berkeley,AirBearsSC@gmail.com
ABC Sketches,abcsketches@gmail.com
Abolitionist Collective at Berkeley,berkeleyabolitionists@gmail.com
Alpha Chi Omega,axopichapterpresident@gmail.com
Alpha Chi Sigma Professional Chemistry Fraternity,axs.sigma.president@gmail.com
Active Minds,activemindsatberkeley@gmail.com
acts2fellowship,info@acts2fellowship.org
Alpha Delta Phi,info@aquadelt.org
"Alpha Epsilon Zeta Fraternity, Inc.",shahparams@berkeley.edu
Alpha Delta Pi,caladpipresident@gmail.com
Alpha Gamma Omega,vp@berkeley.ago.org
Alpha Epsilon Pi,
"Alpha Kappa Alpha Sorority, Inc.",rachelwilliamsano1908@gmail.com
"Alpha Phi Alpha Fraternity, Inc.",icecolddynasty@gmail.com
Alpha Phi Omega,president@calaphio.com
Alpha Phi,calalphaphipresident@gmail.com 
Alpha Rho Chi,calapx@gmail.com
Alpha Sigma Phi,
Alternative Investments Society of Berkeley,kvillacorta@berkeley.edu
Alternative Breaks,berkeleyaltbreaks@gmail.com
Alpha Tau Omega,ato.berkeley@gmail.com
Alternative Service Trips at Berkeley Law (Formerly known as Boalt on Break),blast@law.berkeley.edu
American Chemical Society at Berkeley Student Chapter ,acsberkeley@gmail.com
American Institute of Chemical Engineers,aiche.berkeley@gmail.com
American Indian Graduate Student Association,
American Advertising Federation,execs@calaaf.com
American Institute of Architecture Students,aiasberkeley@gmail.com
American Constitution Society at Berkeley,berkeleylawacs@gmail.com
American Lung Cancer Screening Initiative at Berkeley,info@alcsi.org
American Medical Student Association--Berkeley Premedical Chapter,berkeleyamsa@gmail.com
American Nuclear Society,president@ans.berkeley.edu
American Physician Scientist Association at Berkeley,berkeleyapsa@gmail.com
American Optometric Student Association,UCBTrustee@theaosa.org
American Sign Language at Berkeley,aslatberkeley@gmail.com
American Medical Women's Association at Berkeley,amwaberkeley@gmail.com
American Red Cross at Cal,americanredcrossatcal@gmail.com
American Society of Civil Engineers,calasceofficers@gmail.com
American Society of Landscape Architects,berkeleystudentasla@gmail.com
American Society of Mechanical Engineers,asme.cal@gmail.com
America’s ToothFairy at Berkeley,americastoothfairyatberkeley@gmail.com
American Water Works Association at Berkeley ,iyan88@berkeley.edu
Angkor Hospital for Children's Club ,ahcberkeley@gmail.com
Ancient Chinese Culture Club at Berkeley,
Animal Legal Defense Fund of Berkeley Law (Formerly Animal Law Society at Berkeley Law),katalina@berkeley.edu
Amigos,amigos.ucberkeley@gmail.com
Animal Spirits Writing Group,xanderlenc@berkeley.edu
ANova,executive@anova.berkeley.edu
Anti-Trafficking Coalition at Berkeley ,berkeleyantitrafficking@gmail.com
Arab Student Union,dghandour@berkeley.edu
Argentine Tango Club of Berkeley,ucbtango@gmail.com
Armenian Pre-Health Society,larazargarian99@berkeley.edu
Aquatic Ecosystems Club at Berkeley,
Armenian Student Association,CalBerkeleyASA@gmail.com
Anthropology Undergraduate Association,auaucberkeley@gmail.com
Army Color Guard,
Army ROTC Cadet Club,lalira@berkeley.edu
Artists in Resonance,artistsinresonanceucb@gmail.com
Arnold Air Society,estherykim@berkeley.edu
Art and Mind,artandmind.berkeley@gmail.com
Arts and Innovation Representation,lainey.joy@berkeley.edu
ASCE Sustainable Solutions,sustainablesolutions.berkeley@gmail.com
ASCEND,ascendberkeley.exec@gmail.com
"Asha for Education, Berkeley",berkeley@ashanet.org
Asian & Pacific Islander Women’s Circle,ucbsph.apiwc@berkeley.edu 
Asian American Association,ucberkeleyaaa@gmail.com
Asian American Law Journal,aalj@berkeley.edu
Asian American Research Journal,chiefeditor@aarj.berkeley.edu
Asian American Christian Fellowship,linda.chen@berkeley.edu
Asian Pacific American Law Students Association,berkeleyapalsa@gmail.com
Asian Pacific American Pre-Law Association,ucb.apapla@gmail.com
Asian Pacific Islander Social Worker Caucus ,
"Assistants, Therapists, And Practitioners at Berkeley",atpucberk@gmail.com
Association for Muslim Professional Development,hunaynanwar@berkeley.edu
Association of Chinese Entrepreneurs at Berkeley,aceberkeley@gmail.com
Association of Korean Artists,akaberkeley@gmail.com
Association for Socially Responsible Business,asrbatberkeley@gmail.com
Association of Molecular Environmental Biologists in Academia,mebstudentorg@gmail.com
Association of Public Health Infectious Disease Students at Berkeley,aphidsco@gmail.com
Association of Women in EE&CS,aweberkeley@gmail.com
ASUC - CalTV,exec@caltv.berkeley.edu
ASUC - Chief Grants Officer,grants@asuc.org 
ASUC - Innovative Design,innovativedesignatcal@gmail.com
ASUC - Helios Solar Program,
ASUC - Democratic Education at Cal,decalprogram@gmail.com
ASUC - Office of Academic Affairs,aavp@asuc.org
ASUC - Office of External Affairs,eavp@asuc.org
ASUC - Office of the Executive Vice President,evp@asuc.org
ASUC - Elections Council,
ASUC - Office of the President,president@asuc.org opchief@asuc.org
ASUC - Open Computing Facility,help (at) ocf.berkeley.edu
ASUC - Senate,senate@asuc.org
ASUC - Student Union Board,
ASUC - Student Legal Clinic,legalclinic@asuc.org
ASUC Appointed Officials Support Staff,
ASUC CGO Grants,grants@asuc.org
ASUC Admin Office,adminoffice@asuc.org
ASUC Commercial Revenue (Cal Lodge),
ASUC Disabled Students Commission ,disabledstudentscommittee@asuc.org
ASUC CGO Scholarships,grants@asuc.org
ASUC Executive Office Leadership Institute,
ASUC Diversity Affairs Commission ,diversityaffairscommission@asuc.org
ASUC Finance Office- Chief Finance Officer (CFO),
ASUC Financial Wellness Commission ,financialwellness@asuc.org
ASUC Housing Commission,housing@asuc.org
ASUC Intern Program,
ASUC Judicial Council,
ASUC Intimate Partner Violence Commission,
ASUC Legal Office - Chief Legal Officer (CLO),legal@asuc.org
ASUC Marketing and Communications Office- Chief Communications Officer (CCO),
ASUC Mental Health Commission,mentalhealthcommission@asuc.org
ASUC Office of Senator Amanda Hill,ahill@asuc.org
ASUC Office of Senator Ashley Rehal,arehal@asuc.org
ASUC Office of Senator Dil Sen,dsen@asuc.org
ASUC Office of Senator Adrianna Ngo,ango@asuc.org
ASUC Office of Senator Amy Chen,achen@asuc.org
ASUC Office of Senator Elif Sensurucu,esensurucu@asuc.org
ASUC Office of Senator Gabbi Sharp,gsharp@asuc.org
ASUC Office of Senator Griselda Vega Martinez,gvmartinez@asuc.org
ASUC Office of Senator Issabella Romo,iromo@asuc.org
ASUC Office of Senator Jerry Xu,jxu@asuc.org
ASUC Office of Senator Mehnaz Grewal,mgrewal@asuc.org
ASUC Office of Senator Jason Dones,jdones@asuc.org
ASUC Office of Senator Kalli Zervas,kzervas@asuc.org
ASUC Office of Senator Osirus Polachart,opolachart@asuc.org
ASUC Office of Senator Muz Ahmad,mahmad@asuc.org
ASUC Office of Senator Sam Coffey,scoffey@asuc.org
ASUC Office of Senator Sammy Raucher,sraucher@asuc.org
ASUC Office of Senator Stephanie Wong,swong@asuc.org
ASUC Office of Senator Varsha Madapoosi ,vmadapoosi@asuc.org
ASUC Office of Senator Sophie Morris,smorris@asuc.org
ASUC Office of the Transfer Representative - Gabe Alfaro,transferstudentrep@asuc.org
ASUC Personnel Office- Chief Personnel Officer (CPO),
"ASUC Perspectives, an ASUC Program under the Office of the President",
ASUC Police Oversight Commission,
ASUC Post-Traditional Student Commission,
ASUC Restorative Justice Commission,
ASUC Publications and Media Board,
ASUC Sexual Violence Commission,sexualviolence@asuc.org
ASUC Senate Contingency Fund,
ASUC Student Advocate Office,help@berkeleysao.org
ASUC Student Union Program Entertainment & Recreation Board (SUPERB),superb@berkeley.edu
ASUC Sustainability Commission,sustainability@asuc.org
ASUC Vote Coalition,eavpvotecoalition@asuc.org
ASUC Technology Office - Chief Technology Officer (CTO),technology@asuc.org
Athletes in Action at Berkeley,gdunn11@berkeley.edu
Azaad,ucb.azaad@gmail.com
Aurum Cosmetics,calaurumcosmetics@gmail.com
Ballet Company at Berkeley,ballet.berkeley@gmail.com
Atrium,atrium.berkeley@gmail.com
Ballet Folklorico Reflejos De Mexico,reflejosdemexico.cal@gmail.com
Bangali Student Association at Berkeley,bsaatberkeley@gmail.com
Bank of the West Student Organization Grant Program,leadership@berkeley.edu
BAPS Campus Fellowship,
BARE Magazine,editor@baremagazine.org
BareStage Productions (Formerly Friends of the Theatre),managing@barestage.berkeley.edu
Bay Area Optometric Council Mentorship Program at Berkeley ,baoc.rep@gmail.com
Barbell at Berkeley,barbellatberkeley@gmail.com
Bay Area Environmentally Aware Consulting Network,info@beacn.berkeley.edu
Bay Area Scientists in Schools at Berkeley,jade_fostvedt@berkeley.edu
Bay Area Vision Research Day,bavrd@berkeley.edu
Bay Bowling Club,mbraun@berkeley.edu
Be The Match On Campus at Berkeley,bethematch.berkeley@gmail.com
Bear Baller Society (Formerly Bear Baller Brand),bearballersociety@gmail.com
Bear Brain Initiative  ,
Bear Power Fund,ryanwchen@berkeley.edu
"Bearettes Drill Team at Berkeley, The",bearettesatberkeley@gmail.com
Bears for Elder Welfare,bears4elderwelfare@gmail.com
Bears for Birds - Audubon at Berkeley,emilyohman@berkeley.edu
Bears for Israel,bearsforisrael@gmail.com
Bears for Palestine,info@bearsforpalestine.org
Bengal Gazette,
BERC Law,bercatberkeleylaw@gmail.com
Berkeley Bahai Club,berkeleybahaiclub@gmail.com
Berkeley Ballroom Dancers,
BERC Undergraduate,berc.undergraduate@gmail.com
Berkeley Business Society,bbs.ucb@gmail.com
Berkeley Cambodian Students Association,bcsa.core@gmail.com
Berkeley Chinese Students and Scholars Association,bcssa.official@gmail.com
Berkeley Art Museum Pacific Film Archive Student Committee,bampfasc@berkeley.edu
Berkeley College Republicans,calcollegerepublicans@gmail.com
Berkeley Christian Fellowship,juliadeng@berkeley.edu
Berkeley Consulting,clarisahuang@berkeley.edu
Berkeley Disaster Team,BerkeleyDisasterTeam@berkeley.edu
Berkeley Economic Review,editor@econreview.berkeley.edu
Berkeley Environmental Economics and Policy Students,beeps@beeps.berkeley.edu
Berkeley Energy and Resources Collaborative (Graduate group),copresidents@berc.berkeley.edu
Berkeley Fiction Review,berkeleyfictionreview@gmail.com
"Berkeley Forum, The",info@forum.berkeley.edu
Berkeley Immigration Group (Formerly Boalt Immigration Group),berkeleyimmigrationgroup@berkeley.edu
Berkeley Indonesian Student Association,berkeleybisa@gmail.com
"Berkeley Graduate, The",berkeleygraduate@ga.berkeley.edu
Berkeley Innovation,berkeley.innovation@gmail.com
Berkeley Investment Group,berkeleyinvestmentgroup@gmail.com
Berkeley Journal of African American Law and Policy,bjalp@berkeley.edu
Berkeley Journal of Employment and Labor Law,bjell@berkeley.edu
Berkeley Journal of Criminal Law,bjcl@berkeley.edu
"Berkeley Journal of Gender, Law & Justice",bglj@berkeley.edu
Berkeley Journal of Entertainment and Sports Law,bjesl@berkeley.edu
Berkeley Journal of Middle Eastern and Islamic Law,jmeil@berkeley.edu
Berkeley Journal of International Law,bjil@berkeley.edu
Berkeley Journal of Sociology,tiffanyhamidjaja@berkeley.edu
Berkeley Law Anti-Trafficking Project,batpro@law.berkeley.edu 
Berkeley Law & Organizing Collective,probonobloc@law.berkeley.edu
Berkeley Legal Studies Association,berkeleylegals@gmail.com
Berkeley Law Football Club,Soccer@law.berkeley.edu
Berkeley Law Muslim Student Association ,berkeleylawmsa@gmail.com
Berkeley Model United Nations Conference (Formerly known as Berkeley Model United Nations),chief@bmun.org 
Berkeley Medical Reserve Corps,pio@berkeleymrc.org
Berkeley New Music Project,curtisrumrill@berkeley.edu
Berkeley Organization for Animal Advocacy,contact@boaa.berkeley.edu
"Berkeley Political Review, The",bproutreach@gmail.com
Berkeley Public Policy Journal,berkeleypublicpolicyjournal@gmail.com
"Berkeley Project, The",executive@berkeleyproject.org
Berkeley Poetry Review,bpreditors@gmail.com
Berkeley Science Review,sciencereview@gmail.com
Berkeley Student Foundation,
Berkeley Scientific Journal,bsj.berkeley@gmail.com
Berkeley Technology Law Journal,btlj@berkeley.edu
Berkeley Undergraduate Journal,buj@berkeley.edu
Berkeley Women in Business,bwib.berkeley@gmail.com
Best Buddies at Berkeley,berkeleybestbuddies@gmail.com
Best Laid Plans,bestlaidplansimprov@gmail.com
Beta Alpha Psi,rush.berkeleybap@gmail.com 
Beta Sigma Kappa,
Beyond Academia,info@beyondacademia.berkeley.edu
Bhagat Puran Singh Health Initiative at Berkeley,ucberkeley@bpshi.com
Bias Busters ,biasbusters-admin@lists.eecs.berkeley.edu
BicyCal,hello@bicycal.berkeley.edu
Big Data at Berkeley,bigdata.berkeley@gmail.com
Bike Builders of Berkeley,
Bio-Business Initiative,bbi@bbi.berkeley.edu
Bioengineering Honor Society,bioehs.exec@lists.berkeley.edu
Bio-Inspired Design at Berkeley ,biodesign.community@gmail.com
BioEngineering Association of Students,bioeBEAST@gmail.com
BioethiCAL,bioethical.berkeley@gmail.com
Biofuels Technology Club,biofuelstechnology@gmail.com
Biomedical Engineering Society,calbmes@gmail.com
Biostatistics Graduate Student Association,berkeley.bsgsa@gmail.com
Bioprinting at Berkeley,calbioprinting@gmail.com
Black Advocates for Equity in Health ,baeh@berkeley.edu
Black Geographies at Berkeley,janehenderson@berkeley.edu
Black Engineering and Science Students Association,ucberkeleybessa@gmail.com
Black Graduate Engineering and Science Students ,bgess@berkeley.edu
Black Recruitment and Retention Center,brrcboard@gmail.com
Black Sociological Alliance,blacksociologicalalliance@gmail.com
Black Student Union,chair.calbsu@gmail.com
Black Graduate Student Association,benjaminfields@berkeley.edu
Black Students in Health Association,calbsha@gmail.com
Blockeley,info@blockeley.com
Blockchain at Berkeley (formerly Bitcoin Association of Berkeley),admin@blockchain.berkeley.edu
Black Students in Public Policy [Formerly Blacks in Public Policy],rafaelhenriquez@berkeley.edu
Board Games at Berkeley,Ucberkeleygames@gmail.com
Blood Pressure Project,projectbloodpressure@gmail.com
Blue and Gold Yearbook,info@yearbook.berkeley.edu
"Blueprint, Technology for Nonprofits",team@calblueprint.org
Board of Advocates,karnikhajjar@berkeley.edu
Bootleg Comedy,berkeleybootlegcomedy@gmail.com
Boricuas at Berkeley,boricuasinberkeley@gmail.com
Bone Health Initiative,bonehealthinitiative@gmail.com
Brave Resistance Against Interpersonal Violence,braiv@law.berkeley.edu
Brain Exercise Initiative at Berkeley,rwoody@berkeley.edu
BrainTrust,braintrustberkeley@gmail.com
Bread & Roses,samstein@berkeley.edu
Brazilian Student Association at Berkeley,brasaberkeley@gmail.com
bridges Multicultural Resource Center,executivebridges@gmail.com
BridgeUSA at Berkeley,bridgeusa.berkeley@gmail.com
Brown Issues,Brownissues@brownissues.berkeley.edu
Building Sustainability at Cal,ccotter22@berkeley.edu
BUILD Literacy Program,buildliteracy@berkeley.edu
Bullet Journal Bears,bulletjournalbears@gmail.com
Business Careers in Entertainment Club,calbcec@gmail.com
Business Review at Berkeley ,businessreviewatberkeley@gmail.com
Burma Association at Berkeley,bab.berkeley@gmail.com
Business Transfer Network of Berkeley,btnexecboard@btn.berkeley.edu
Cal Alumni Student Association,students@casa.berkeley.edu
Cal Actuarial League,
Cal American Civil Liberties Union,calaclu1920@gmail.com
Cal Animage Alpha,webmaster@calanimagealpha.com
Cal Archery,california.archery@gmail.com
Cal Badminton,
Cal Ballroom,
Cal Bhangra (formerly Golden Bear Competitive Bhangra),calbhangra@gmail.com
Cal Berkeley Democrats,president@caldems.com
Cal Boxing,calboxingclub@gmail.com
Cal Climbing Club,
Cal Christian Fellowship,intervarsityccf@gmail.com
Cal Club Baseball,
Cal Club Roller Hockey,
Cal Club Tennis,californiaclubtennis@gmail.com
Cal Club Golf,
Cal Community Music,calcommunitymusic@gmail.com
Cal Cycling,
Cal Dragon Boat,caldragonboat@gmail.com
Cal Equestrian,calequestrianclub@gmail.com
Cal Fencing,
Cal Figure Skating ,ucbfigureskating@gmail.com
Cal Handball Club,evickers29@berkeley.edu
Cal Habitat for Humanity,calhabitat.pres@gmail.com
Cal Hang-Gliding Club,lazarus.eli@berkeley.edu
Cal Hawai'i Club,calhawaiiclub@gmail.com
Cal Hiking and Outdoor Society,k.lyon@berkeley.edu
Cal in the Capital,calinthecapital@gmail.com
Cal Lightweight Rowing,
Cal Japan Club,caljapanclub@gmail.com
Cal Men's Squash,
Cal Men’s Club Water Polo,
Cal Men’s Club Soccer,18rway@berkeley.edu
Cal Men’s Volleyball Club,
Cal Men’s Ultimate,
Cal Pre-Vet Club,calprevet.president@gmail.com
Cal Queer & Asian,cal.q.and.a@gmail.com
Cal Rotaract,info@calrotaract.org
Cal Running Club,
Cal Seismic Design Team,calseismicteam@gmail.com
Cal Student Assistance for Public Health,staph@berkeley.edu
Cal Sailing Team,calsailing@gmail.com
Cal Student Philanthropy,alexander.rodriguez@berkeley.edu
Cal Super Mileage Vehicle Team,calsmv@gmail.com
Cal Taiko,caltaiko@gmail.com
Cal Table Tennis Club,calttc@gmail.com
Cal Triathlon (Cal Tri),president@caltriathlon.com
Cal Undergraduate Public Health Coalition,caluphc.publichealth@gmail.com
Cal Veterans Group,calvetsgroup@gmail.com
Cal Women’s Club Lacrosse,calclublacrosse@gmail.com
Cal Women’s Club Volleyball,
Cal Women’s Club Water Polo Team,calwomens.waterpolo@gmail.com
Cal Women’s Club Soccer,
Cal Women’s Rugby,calwomensrugby@gmail.com
Cal Women’s Squash,
Cal Women’s Ultimate (Pie Queens),
CalGreeks Alcohol Task Force,
Caliber Magazine ,calibermag@gmail.com
California Asylum Representation Clinic,carc@berkeley.edu
"California Health Professional Student Alliance at Berkeley (Formerly ""at UC Berkeley"")",cahpsa.berkeley@gmail.com
California Mock Trial,calmocktrial@gmail.com
California Public Interest Research Group,calpirgbears@gmail.com
"Californians, The",berkeleyscc@gmail.com
CALLINK TEST ORGANIZATION,lead@berkeley.edu
Camp Alima at Berkeley,
CalSol,calsol-me@berkeley.edu
Camp Kesem Berkeley,berkeley@campkesem.org
Campus Dept | African American Studies,
Campus Dept | African American Student Development,mcharles@berkeley.edu
Campus Dept | Asian Pacific American Student Development,apasdoffice@gmail.com
Campus Dept | Asian American Studies,
Campus Dept | ASUC Student Union,asucstudentunion@berkeley.edu
Campus Dept | Basic Needs Center,basicneedscenter@berkeley.edu
Campus Dept | Bears for Financial Success,bffs@berkeley.edu
Campus Dept | Berkeley Arts + Design,info.artsdesign@berkeley.edu
Campus Dept | Berkeley Art Museum & Pacific Film Archive,
Campus Dept | Bears that Care,takeaction@berkeley.edu
Campus Dept | Berkeley Art Studio,artstudio@berkeley.edu
Campus Dept | Berkeley Hillel Center,
Campus Dept | Berkeley International Office,tymansmann@berkeley.edu
Campus Dept | Berkeley Language Center,
Campus Dept | Berkeley Study Abroad,studyabroad@berkeley.edu
Campus Dept | Big Ideas@Berkeley,
Campus Dept | Cal Athletics,
Campus Dept | Cal Dining,dining@berkeley.edu
Campus Dept | Cal Interfaith Council,
Campus Dept | Berkeley Summer Sessions,https://ssall.zendesk.com/hc/en-us
Campus Dept | Cal Performances,calperfs-info@calperformances.org
Campus Dept | CalTeach,
Campus Dept | Chicano Studies,
Campus Dept | Chicanx Latinx Student Development,lupeg@berkeley.edu
Campus Dept | Disability Cultural Community Center,disabilityculture@berkeley.edu
Campus Dept | Center for Support and Intervention,
Campus Dept | Disabled Students' Program,dsp@berkeley.edu
Campus Dept | EJCE - Educational Justice & Community Engagement,
Campus Dept | Event Services at the Student Union,eventservices@berkeley.edu
Campus Dept | Financial Aid and Scholarships,
Campus Dept | Experimental Social Science Laboratory,xlab_account@haas.berkeley.edu
Campus Dept | Future Histories Lab,globalurbanhumanities@berkeley.edu
Campus Dept | Jacobs Institute for Design Innovation,jacobsinstitute@berkeley.edu
Campus Dept | LEAD Center,lead@berkeley.edu
Campus Dept | Multicultural Community Center,mcc.community@berkeley.edu
Campus Dept | Native American Student Development,nasd@berkeley.edu
Campus Dept | Native American Studies,
Campus Dept | Office of Emergency Management,
Campus Dept | Office of Sustainability & Carbon Solutions,
Campus Dept | Office of Student Development,rhershkowitz@berkeley.edu
Campus Dept | Office of Undergraduate Research & Scholarships,
Campus Dept | Parking and Transportation ,berkeleymoves@berkeley.edu
Campus Dept | PATH to Care Center,pathtocare@berkeley.edu
Campus Dept | Publications and Media Center,studentmedia@berkeley.edu
Campus Dept | Residential & Student Services Programs,rhershkowitz@berkeley.edu
Campus Dept | Student Environmental Resource Center,serc@berkeley.edu
Campus Dept | Service Group Community Page,
Campus Dept | Student Opportunity Fund (SOF),sof@berkeley.edu
Campus Dept | The Green Initiative Fund,tgif_info@berkeley.edu
Campus Dept | Student Learning Center,slc@berkeley.edu
Campus Dept | Transfer Student Center,
Campus Dept | Student Technology Fund,techfund@berkeley.edu
Campus Dept | Student Technology Services,
Campus Dept | UC Berkeley Career Center,
Campus Dept | UC Berkeley Campus Libraries,eref@library.berkeley.edu
Campus Dept | UC Berkeley Gender Equity Resource Center,geneq@berkeley.edu
Campus Dept | UC Berkeley Naval Reserve Officer Training Corps,
Campus Dept | UC Berkeley Public Service Center,publicservice@berkeley.edu
Campus Dept | University Health Services,
Campus Dept | UC Berkeley Washington Program (UCDC),
Campus Dept | UCPD,police@berkeley.edu
Capital Investments at Berkeley,ashwinbindra@berkeley.edu
Campus Evangelistic Fellowship - Mandarin Group,berkeley@chinesecef.org
Caravan Travel & Style Magazine,caravan.publication@gmail.com
Capri Club,
Cards for Courage at Berkeley,cardsforcourageberkeley@gmail.com
Casa Joaquin Murrieta,channray0417@berkeley.edu
Catalyst,taylor.chelan@berkeley.edu
Casa Esperanza,casaesperanzaberkeley@gmail.com
Catholic Students at Cal - Newman Hall,smt.exec@calnewman.org
Cases over Coffee @ Berkeley,casesovercoffeeatberkeley@gmail.com
Catholics at Berkeley Law,catholicsatberkeleylaw@gmail.com
CED Students of Color,eugenewlau@berkeley.edu
CEE Graduate Student Society,cee-gss@berkeley.edu
Celli@Berkeley,wearecelli@gmail.com
Chemistry Graduate Life Committee,ucbglc@gmail.com
Chamber Chorus Association,jenliu2@berkeley.edu
Chemical Engineering Car,berkeley.chemecar@gmail.com
Central Americans for Empowerment at Berkeley,CAFEatucb@gmail.com
Chemical and Biomolecular Engineering Graduate Student Advisory Committee,gsac@lists.berkeley.edu
Chemistry Undergraduate Research Initiative and Enrichment at Berkeley,curieatberkeley@gmail.com
Chess Club at Berkeley,ucbchess@gmail.com
Chi Epsilon - Civil Engineering Honor Society,berkeleyxe@gmail.com
Chi Omega,calchiomegapresident@gmail.com
Chicano(a)s/Latino(a)s in Health Education,checochair2@gmail.com
Chi Psi,andreasmaass@berkeley.edu
Chicanx/ Latinx Architecture Student Association ,casistas@gmail.com
China Law Association at Berkeley,
Chinese A Cappella at Berkeley,berkeleychineseacappella@gmail.com
Chinese Finance Club,chinesefinanceclub@gmail.com
Chinese Photography Association at Berkeley,syz0516@berkeley.edu
Chinese People Union,chinesepeopleunion@gmail.com
Chinese Student Association,csaberkeley@gmail.com
Chinmaya Yuva Kendra West at Berkeley ,chyk-berkeley-active@googlegroups.com
Chinese Student Theatre Company,ashleyhuang@berkeley.edu
CHINESE READING GROUP AT BERKELEY,hi@7pmsalon.org
Christians at BerkeleyLaw ,christiansatberkeleylaw@berkeley.edu
Christians on Campus,ucb.coc@gmail.com
Cinematic Arts and Production Club ,capclubberkeley@gmail.com
Civil and Environmental Engineering For Anti-Racism,
Circle Up,
Circle K International,cki.sarahg@gmail.com
City Planning + Public Health Master's Students Committee,ekaner@berkeley.edu
Citizens' Climate Lobby at Berkeley,stubbsjessica@berkeley.edu
Civil and Environmental Engineering Joint Fundraising Committee,ceejfc@berkeley.edu
"Classical Forum, The",classicalforumberkeley@gmail.com
Civil Ventures at Berkeley,civilventures@gmail.com
Clio's Scroll,cliosscroll@gmail.com
"CLEAR Project, The",ucbclear@gmail.com
Clean Energy Leaders in Law,cleanenergyleadersinlaw@berkeley.edu
Climbing Team of Berkeley,calclimbingofficers@googlegroups.com
CMG Strategy Consulting (Formerly Creative Marketing Group),berkeleycmg@gmail.com
Cloud at California,cloudatcal@gmail.com
CNMAT Users Group,curtisrumrill@berkeley.edu
Coalition for Diversity at Berkeley Law,coalitionfordiversity@gmail.com
"Coalition for the Institutionalization of Free Menstrual Products, The",cifmpatcal@gmail.com
Coalition of Concerned Medical Professionals at Berkeley,ccmpatberkeley@gmail.com
Coalition of Minorities in Tech Law,cmtl@berkeley.edu
Codeology,info@codeology.club
Codebase,contact@codebase.berkeley.edu
Code for Good,b_riffenburghkirby@berkeley.edu
Cognitive Science Students Association,cssa.berkeley@gmail.com
Collegiate Association for the Research of Principles,carpbayarea@gmail.com
College Admissions Mentorship Program (Formerly People's Test Preparation Service),camp.berkeley.internal@gmail.com
Collegiate Sales Society [Formerly Vendition Sales Society],CSSatBerkeley@gmail.com
Combat Robotics at Berkeley,info@crberkeley.org
Community Projects,
Community Legal Outreach,trw@berkeley.edu
Comparative Literature Undergraduate Journal,berkeleycluj@gmail.com
"Compass Project, The",compassproject@berkeley.edu
Connect at Cal,hello@connected.berkeley.edu
Computer Science Undergraduate Association,pb@csua.berkeley.edu
Concrete Canoe,calconcretecanoe@gmail.com
Consciousness Collective at Berkeley,denna.hadipour@berkeley.edu
Consult Your Community (CYC) at Berkeley,berkeley@consultyourcommunity.org
Construction Competition Team,ucbconstructionteam@gmail.com
Consumer Advocacy and Protection Society,caps@law.berkeley.edu
Consumer Protection Public Policy Order (Formerly Consumer Rights Workshop),c3po@law.berkeley.edu
Contra Costa Reentry Project,kmelnick@berkeley.edu
Convergent at Berkeley (Formerly Cal Convergent),avni.jain@berkeley.edu
Creative Arts to Reinspire and Empower ,ucberkeley.care@gmail.com
Creative Residencies for Emerging Artists Teaching Empowerment,calcreate@gmail.com
Cricket Club of Berkeley,
Critical Digital Undercommons,cgeary@berkeley.edu
Crohn's and Colitis Awareness Society,cal.ccas@gmail.com
Crossroads Christian Fellowship: Chinese for Christ Berkeley Church,xroadscf@gmail.com
Cru,berkeleycru@gmail.com
Cub Support ,ucbears4cubs@gmail.com
DA Accountability and Participatory Defense Project,dapd@berkeley.edu
CS KickStart,cskickstart@gmail.com
Dance Board of Berkeley Dance Community,berkeleydancecommunity@gmail.com
Daily Californian,editor@dailycal.org
Dance the Bay,dancethebay@gmail.com
Dance Games at Berkeley,
DataStory,datastory.president@gmail.com
Data Science Society at Berkeley,dss.berkeley@gmail.com
DataGood at Berkeley,datagood@berkeley.edu
Datong Society of China Studies at Berkeley,datongsociety@gmail.com
Danceworx,dwxpresidents@gmail.com
De Colores (Formerly Young Queers United for Empowerment),decoloresucb@gmail.com
Debate Society of Berkeley,contact@debate.berkeley.edu
DeCadence,decadence.berkeley@gmail.com
DECODE,decode.build@gmail.com
Defenders at Berkeley (Formerly Criminal Defense Society),darby.aono@berkeley.edu
DeFi Network at Berkeley,
DeFi at Berkeley,
Deewani,ucbdeewani@gmail.com
Delta Consulting,deltaconsulting.berkeley@gmail.com
Delta Epsilon Mu Inc. (Alpha Psi Chapter) [Formerly Pre-Health Professionals Club],caldelta.epsilon.mu@gmail.com
Delta Delta Delta,caltrideltapresident@gmail.com
Delta Gamma,dggammapresident@gmail.com
Delta Phi Epsilon Co-ed Professional Foreign Service Fraternity,berkeleydpe@gmail.com
Delta Sigma,
Delta Kappa Alpha,president@berkeley.dka.org
Delta Upsilon,
"Delta Sigma Theta Sorority, Inc.",kappa1921@gmail.com
Department of Integrative Biology Students,caldibs@gmail.com
Delta Xi Phi Multicultural Sorority,ucbdeltaxiphi@gmail.com
Design at Berkeley,designatberk@gmail.com
Digital Rights Project,digitalrightsproject@law.berkeley.edu
Dil Se,ucberkeleydilse@gmail.com
Disability Rights Project,drp@berkeley.edu
Disabled Students Association at Berkeley,dsabl@berkeley.edu
Disney Club at Berkeley,disneyclubatberkeley@gmail.com
DiversaTech,diversatech.berkeley@gmail.com
Doctors Without Borders at Berkeley,msf.ucberkeley@gmail.com
Diversity in Public Policy,amarpreetkaur@berkeley.edu
DREAM Campus Ministry,Berkeley.Dream@gmail.com
Down Syndrome Community Outreach at Berkeley,downsyndromeberkeley@gmail.com
Drawn to Scale,cal.drawntoscale@gmail.com
DUPE Wu-rster,
Dwinelle Hall Breakers,
East Asian Union,chair@eau.berkeley.edu
Earthquake Engineering Research Institute at Berkeley,eeri@berkeley.edu
Ecology Law Quarterly,julia.whitehead@berkeley.edu
East Bay Dreamers Project,dreamersclinic@berkeley.edu
Ecode,ecodeatberkeley@gmail.com
Ecommerce at Berkeley,ecommerceberkeley@gmail.com
Education Initiative for Development ,ursan@berkeley.edu
Economists for Equity at Berkeley (Formerly Women in Economics at Berkeley),
EECS Graduate Student League,
Education Reimagined in the Bay,edreimaginedberkeley@gmail.com
Effective Altruists of Berkeley,admin@eaberkeley.com
Eggster Organization,eggsteroverall@gmail.com
Election Law @ Berkeley Law,sara_clark@berkeley.edu
Egyptian Student Association at Berkeley,alyibr@berkeley.edu
Eleven: The Undergraduate Journal of Sociology,eleven.ucb@gmail.com
EnableTech,enabletechberkeley@gmail.com
Enactus of Berkeley ,rheagrover6@berkeley.edu
Electrical Engineering Graduate Student Association,
Energy and Resources Group Student Advocacy Committee for Equity and Inclusion,
Empowering Women of Color Conference,
Engineers and Mentors of Berkeley,beam.teach@gmail.com
Engineering Wellness at Berkeley,engineeringwellnessatberkeley@gmail.com
Engineering and Project Management Society,
Engineering Student Council ,president@esc.berkeley.edu
Engineers For A Sustainable World -Berkeley,officers@esw.berkeley.edu
Engineers Without Borders at Berkeley,ewb.ucb@gmail.com
English Undergraduate Association,berkeley.eua@gmail.com
Entomology Students' Organization,eso@lists.berkeley.edu
Entrepreneurs @ Berkeley,admin@entrepreneurs.berkeley.edu
Environmental Law Society @ Berkeley Law (formerly Boalt Environmental Law Society),environment@law.berkeley.edu
Environmental Engineering Advocacy Team,
Environmental Health Alliance,ehaberkeley@gmail.com
Environmental Health Sciences Graduate Students,gostout@berkeley.edu
Environmental Team,calenviroteam@gmail.com
Environmental Conservation Outreach,ecoslp@berkeley.edu
Environmental Sciences Student Association,berkeley.essa@gmail.com
Epsilon Pi at Berkeley,jcaminiti@berkeley.edu
Epsilon Eta,epsilonetaberkeley@gmail.com
ESPM Graduate Diversity Council,espmgdc@berkeley.edu
ESPM Graduate Student Association,espmgsa@gmail.com
Eta Kappa Nu,hkn@hkn.eecs.berkeley.edu
ERRC Writing Clinic,writing.clinic@errchina.com
ESPM Graduate Student Research Organizing Committee for the Symposium,r.madden@berkeley.edu
Eta Omega Chi,etaomegachi@gmail.com
Ethnic Studies 5th Account,
EthiCal Apparel,ethicalapparel@gmail.com
EXP Dance,expdancecrew@gmail.com
Expanding Your Horizons at Berkeley,eyh_ucb@googlegroups.com
Exposure-Organization of Student Photographers,exposureos.ucb@gmail.com
EyeChat! ,haominm98@berkeley.edu
Extended Reality @ Berkeley ,contact@xr.berkeley.edu
Faces of African Muslims Students,famcalberkeley@gmail.com
Falun Dafa Club @ Berkeley ,
Federalist Society at Berkeley Law,berkeleyfederalistsociety@gmail.com
Fantasy Sports at Berkeley,berkfantasysports@gmail.com
FeelGood,feelgoodberkeley@gmail.com
Fei Tian Dancers,dance.chinese@gmail.com
Fashion and Student Trends,calfastinternal@gmail.com
Fastpitch Softball at Berkeley,berkeleyclubsoftball@gmail.com
Fellowship in Christ in Berkeley,kirstychoi@berkeley.edu
Fellowship of Christian Optometrists Chapter at Berkeley (Formerly Christian Medical and Dental Associations Chapter at Berkeley),berkeleycmda@gmail.com
Fiat Lux Scholars Association (Formerly Cal Opportunity Scholars Association),ucberkeleyflsa@berkeley.edu
FEMTech,femtechberkeley@gmail.com
FIAT at Berkeley,
Fighting Games at Berkeley,berkeleyfgc@gmail.com
Filipino & Philippine Studies Working Group,alex.mabanta@berkeley.edu
Film Society,
Financial Education Association of Berkeley,berkeleyfin.ed@gmail.com
Finance & Strategy Roundtable at Berkeley,alex.eshoo@berkeley.edu
Financial Engineering Students Association,mfe@haas.berkeley.edu
Fintech at Berkeley,fintechberkeley@gmail.com
Fintech Investment Network,
Financial Literacy and Economic Justice Conference,flejcon@gmail.com
First Generation Professionals,berkeleylawfgp@gmail.com
First Love at Berkeley,eddieland12@berkeley.edu
First-Gen and/or Low-Income Graduate Students ,yakira.mirabito@berkeley.edu
Food Association at Berkeley,foodatberkeley@gmail.com
FoCUS,Kathyt@fpcberkeley.org
Food Friendly Finance,brandonqinqin@gmail.com
Food Science and Tech at Cal,fstatcal@gmail.com
Food Justice Project,foodjustice@law.berkeley.edu
"Food, Equity, Entrepreneurship, & Development",feedberkeley@gmail.com
Food Institute Graduate Council at Berkeley,
For Christ's Sake,FCSBerkeley@gmail.com
Formula Electric at Berkeley (Formerly bLoop),contact@ev.berkeley.edu
Foundation for International Medical Relief of Children,fimrc.berkeley@gmail.com
Foresight Pre-Optometry Club,foresight.president@gmail.com
"Free Peach, The",spauker@berkeley.edu
Formula SAE (Society of Automotive Engineers),fsae@me.berkeley.edu
Foster Education Project,fostered@law.berkeley.edu
Free the Land Project,ftlp@berkeley.edu
Free Ventures,christina@freeventures.org
"Future Business Leaders of America-Phi Beta Lambda, Inc.",execs@pbl.berkeley.edu
Friends of the Co-ops,president@bsc.coop
Future Surgeons of America Club,nikitaclassof2023@berkeley.edu
GA Basic Needs Security Project,
GA Campus Affairs Vice President,cavp@ga.berkeley.edu
GA Commercial Revenues,
GA Berkeley Business Law Journal,bblj@law.berkeley.edu
GA Contingency,
GA Development,
GA Disabled Students Advocacy Project,
GA Environmental Sustainability Project,
GA External Affairs Vice President,
GA Executive Board ,
GA Funding,funding@ga.berkeley.edu
GA Funding Committee Chair,
GA Graduate Events,
GA Graduate Student Advocate,
GA Graduate Mentoring Project,
"GA Graduate Meetings, Events, and Resources",
GA Group Resources,
GA Internal Vice President,
GA IT,
GA Grants,
GA Labor Liaison,
GA Management,
GA Operating / Business Office,businessoffice@ga.berkeley.edu
GA Misc. Activities Account ,
GA Policing Workgroup,
GA President,president@ga.berkeley.edu
GA Project: 150 Years of Women at Cal,
GA Projects,
GA Publication,
GA Reserves ,
GA Rules Officer ,rules@ga.berkeley.edu
GA Travel Award,
GA Training Organization TESTING ONLY,
GA Travel Funds (branch of GA Funding),
GA VP of Equity and Inclusion,
GA Unallocated Budget,
GA Vice President of Finance,
GA Working Groups Group,
Gaming at Berkeley,ucbesports@gmail.com
Game Design and Development at Berkeley ,calgamedesign@gmail.com
Gamma Phi Beta (Gamma Phi),cal.gammaphi.pres@gmail.com
Gamma Rho Lambda,lambda@gammarholambda.org
"Gamma Zeta Alpha Fraternity, Inc.",calgammas@gmail.com
Generation Flow (Formerly Ladies for Change) ,generationflowatberkeley@gmail.com
Garb,berkeleygarb@gmail.com
Generational Healthcare Initiative,
GENup Collegiate at Berkeley,genupcoberkeley@gmail.com
Geography Group on Gender and Difference,pettis@berkeley.edu
Geological Association at Berkeley,paolosanchez@berkeley.edu
GeoEngineering Graduate Student Association at Berkeley,geoengineering@berkeley.edu
Geoscience Students of Color at Berkeley,gsocofficer@gmail.com
Gia Magazine,giamag.ucb@gmail.com
Girl Up,amritarama@berkeley.edu
Girls Teaching Girls to Code at Berkeley,ucberkeley@girlsteachinggirlstocode.org
Global Citizen,
Girls Who Code at Berkeley,gwcberkeley@gmail.com
Global Medical Missions Alliance at Berkeley,berkeleygmma@gmail.com
Global Health Brigades at Berkeley,globalhealthbrigades.berkeley@gmail.com
Global Medical Training ,gmtucberkeley@gmail.com
Global Research and Consulting Group at Berkeley,berkeley@grcglobalgroup.com
Global Student Association at Berkeley Law,
Golden Records,jpjossart@berkeley.edu
GlobeMed at Berkeley,berkeley@globemed.org
GOAT Talk,
Graduate Architecture Student Union,ced.gradstudentunion@berkeley.edu
Graduate Assembly Governance Workgroup (GA GWG),
Graduate Assembly,
Graduate Assembly of Students in Psychology,gasp@berkeley.edu
Graduate Geographers of Berkeley,samstein@berkeley.edu
Graduate Global Development,
Graduate Association of Latinx Students (GALS)(FORMERLY known as Graduate Students de la Raza),berkeley.gals@gmail.com
Graduate Minority Outreach Recruitment and Retention,
Graduate Minority Student Project,
Graduate School of Education Research Day Organizational Committee ,educationresearchday@gmail.com
Graduate Social Club,
Graduate Student Journal of the School of Education,bre_editor@berkeley.edu
Graduate Student Parent Advocacy,
Graduate Student Wellness Project,
Graduate Students in Agricultural Economics,cpjackson@berkeley.edu
Graduate Women's Project,
Graduate Women of Engineering,gradswe@berkeley.edu
Greeks Against Sexual Assault at Berkeley (GASA),gasa@calgreeks.com
Greening the Greeks,greeningthegreeks@berkeley.edu
Guided Resource and Education Program in Machine Learning,grepberkeley@gmail.com
Gymnastics Club of California,gymnasticsofcalifornia@gmail.com
Health and Medical Apprenticeship Program,hmap@berkeley.edu
Health Students for Climate Action (HEALS-CA),admin@healsca.berkeley.edu
Healthcare Business Association at Berkeley,healthcarebusinessberkeley@gmail.com
Haas Undergraduate Black Business Association,ucbhubba@gmail.com
Healthcare Consulting Group at Berkeley,chiutien0411@berkeley.edu
Helix @ Berkeley,contact@thehelixgroup.org
Haas Business School Association,hbsageneral@gmail.com
Hack the Bay,team@calhacks.io
Hellenic Student Association at Berkeley,
Heart at Berkeley [Formerly You're the Cure at Berkeley],thecure.ucb@gmail.com
Hep B Project,hepbproject@gmail.com
Her Campus of Berkeley,hc.ucberkeley@hercampus.com
Herbicide Free at Berkeley,herbicidefreeberkeley@gmail.com
Hermanos Unidos,huchochairs@berkeley.edu
"Heuristic Squelch, The",heuristicsquelch@gmail.com
Hispanic Engineers and Scientists,hesberkeley8@gmail.com
Hermanas Unidas de UC Berkeley,ucbhau.cochairs@gmail.com
Hidden Road Initiative,arsine.03@berkeley.edu
Historical Fencing Club of Berkeley,steelonsteelhfc@gmail.com
Hmong Student Association at Berkeley,hsaberkeley@gmail.com
Hong Kong Affairs Association of Berkeley,hkaaberk@gmail.com
Home of Students Christian Fellowship,hosfellowship@gmail.com
Homelessness Service Project,hspprobono@berkeley.edu
Hong Kong Student Association,berkeleyhksa@gmail.com
Horror House at Berkeley,horrorhouseatberkeley@gmail.com
Hub for Equity and Administrative Representation,Hear@berkeley.edu
Human Powered Vehicle,hpv-me@berkeley.edu
Hurling Club at Berkeley,hanqiaoz@berkeley.edu
I-Clicker Rental Program,
IDEA Factory,ideafactoryadv@gmail.com
Identity and Gender Spectrum,igs@ocf.berkeley.edu
IEEE Student Branch,ieee@berkeley.edu
If/When/How: Lawyering for Reproductive Justice at Berkeley,brookedb@berkeley.edu
IEEE Power and Energy at Berkeley,
iGEM at Berkeley,directors@igem.berkeley.edu
Ignite Ministries,
In Between,inbetweenberkeley@gmail.com
Imago Dei Clinic,imagodeiclinic@gmail.com
Improv4Charity,t4cimprov@gmail.com
Informatics Competition at California,
Infectious Diseases and Immunity PhD Student Group,nicholas.lo@berkeley.edu
Indigenous and Native Coalition (INC) Recruitment and Retention Center,natives@berkeley.edu
Indian Students Association,contact@isa.berkeley.edu
Information Management Student Association,imsa@ischool.berkeley.edu
Inside the Living Room,ilr.ucb@gmail.com
Institute of Business Forecasting and Planning at Berkeley,jmiller558@berkeley.edu
Institute of Transportation Engineers at Berkeley,ucberkeleyite@gmail.com
Institute of Industrial and Systems Engineers,iise@berkeley.edu
Integrative Biology Graduate Student Association,jacquelyngalvez@berkeley.edu
Interfraternity Council (IFC),
"Intermission Orchestra, The",intermissionberkeley@gmail.com
International Consulting Club at Berkeley,berkeleyintconsulting@gmail.com
International Human Rights Workshop,ihrw@law.berkeley.edu
International & Undocumented Student Project (GA Project),
International Healthcare Association,ihcaberkeley@gmail.com
International Graduate Student Ministry,berkeleyigsm@gmail.com
International Public Policy Group,manshasiraj@berkeley.edu
International Building Performance Simulation Association/ASHRAE Berkeley,ruijis@berkeley.edu
International Refugee Assistance Project at Berkeley Law,irap@law.berkeley.edu
International Service Club,international@calrotaract.org
International Relations Council of Berkeley,ircofberkeley@gmail.com
International Student Mentorship Program at Berkeley,yehongtan@berkeley.edu
International Youth and Students for Social Equality,iysse.ucberkeley@gmail.com
International Undergraduate Student Ministry,berkiusm@gmail.com
Intertribal Student Council,natives@berkeley.edu
International Students Association at Berkeley,isab.officer@gmail.com
InterVarsity Christian Fellowship,intervarsityccf@gmail.com
Invention Corps of Berkeley,inventioncorps@icb.berkeley.edu
Ismailis at Berkeley,armaanismail@berkeley.edu
Iota Nu Mu International Professional Fraternity,
Iranian Student Association in America,info@isaa.berkeley.edu
Investments and Finance at Berkeley,
INvent,eduhmc00@gmail.com
Issues Berkeley Medical Journal,my.ha@berkeley.edu
Iranian Students Cultural Organization,iscoucb@gmail.com
Iu-Mien Student Union,ucb.imsu@gmail.com
Jain Students Association,pranavb@berkeley.edu
Jericho!,jerichocomedy@gmail.com
Jeeva Clinic,kiranshreyas29@berkeley.edu
Jakara Movement Club at Berkeley,harvirkaur@berkeley.edu
Jewish Students Association at Berkeley Law,jsabl@law.berkeley.edu
Jugger at Berkeley,m_chen@berkeley.edu
Jewish Voice for Peace at Berkeley,berkeley@jewishvoiceforpeace.org
Kairos Dance Co. ,kairosdanceco@gmail.com
Kappa Alpha Order,
Kappa Alpha Theta,omegathetaceo@gmail.com
Kappa Gamma Delta,ucbkgdpresident@gmail.com
"Kappa Alpha Psi Fraternity, Inc.",
Kappa Alpha Pi Pre-Law Fraternity,kapiucb.president@gmail.com
Kappa Delta Rho,
Kappa Kappa Gamma,kkgucbpresident@gmail.com
Kendo Club,kendoclub.berkeley@gmail.com
kmoverse,kevmo@berkeley.edu
Kidney Disease Screening and Awareness Program ,berkeleykdsap@gmail.com
Kink Club,kinkclubberkeley@gmail.com
Klesis,lilyli@berkeley.edu
Kickboxing at Berkeley,
Kojobs at Berkeley,kojobsatberkeley@gmail.com
Kerusso Fellowship,
Korea Campus Crusade for Christ,ucbkccc@gmail.com
Korean Undergraduate Networking Association,ucberkeleykuna@gmail.com
Korean American Student Association,calkasa@gmail.com
Korean Business Organization,
Korean Performance Group,kpg.cal@gmail.com
La Raza Law Journal,lrlj@berkeley.edu
La Alianza: Law Students of Latin American Descent (Formerly La Raza Law Students Association),laalianza@berkeley.edu
KOSMOS,kosmosucb@gmail.com
La Raza Workers' and Tenants' Rights Clinic,LaRazaSLP@berkeley.edu
"Lambda Theta Alpha Latin Sorority, Inc.",lta.do.president@gmail.com
Labor Coach Program,ahs.laborcoach@gmail.com
"Lambda Upsilon Lambda Fraternity, Inc.",a.mendoza@berkeley.edu
Laotian American Student Representatives,
"Lambda Theta Nu Sorority, Inc.",LambdaThetaNu.Berkeley@gmail.com
Latin American Leadership Society,llsatberkeley@gmail.com
"Lambda Theta Phi, Latin Fraternity, Inc.",ucblambdas@gmail.com
Latino/a Association of Graduate Students in Engineering and Science,lagses-contact@gmail.com
Latinos In Law at Berkeley,latinosinlaw.cal@gmail.com
Launchpad,team@callaunchpad.org
Latinx Social Work Caucus,latinxswcaucus.cal@gmail.com
Lavender Alliance at Berkeley,lavenderallianceberkeley@gmail.com
Law and Political Economy Society of Berkeley,berkeley.lpesoc@gmail.com
Latinx Pre-Law Society ,lplsexecutivedirector@gmail.com
Law and Society Graduate Association,zsalazar2019@berkeley.edu
Law Students of African Descent,lsad@law.berkeley.edu
Law Students for Justice in Palestine,berkeleylsjp@gmail.com
Laya of Berkeley,layaofberkeley@gmail.com
Lawn Review at Berkeley Law,californialawnreview@law.berkeley.edu
League of Filipino Students,lfsucberkeley@gmail.com
LEAD Center Peer Leadership Consultants,
Le Cercle Français of Berkeley,clairecombredet@berkeley.edu
Lean On Me At Berkeley,daniellaivanir@berkeley.edu
Legal Automation Workshop,legalautomation@berkeley.edu
Legal Obstacles Veterans Encounter,love_slp@berkeley.edu
Legends of Berkeley,berkeleyleagueoflegends@gmail.com
Liberty in North Korea at Berkeley,linkbayarea@gmail.com
Let's Rise - Asian Mentorship Program,letsrisementorship@gmail.com
Lindy On Sproul,lindyonthesproul@gmail.com
Linguaphile Student Association,callinguaphiles@gmail.com
"Literary Society of Berkeley, The (Formerly The Book Club of Berkeley)",megnar13@berkeley.edu
Live Poets Society, livepoetsatberkeley@gmail.com alarichardson@berkeley.edu  miranda.jiang@berkeley.edu
Lower Sproul Referendum,
LW Presence Fellowship ,lwpresence@googlegroups.com
LW Passion Fellowship,passionlivingwater@gmail.com
Logging Sports Team,Buckingbears@gmail.com
Machine Learning at Berkeley,contact@ml.berkeley.edu
Local Service Club,local@calrotaract.org
Macau Student Association,
maganda magazine,maganda.eic@gmail.com
Main Stacks Dance Team,mainstacksdance@gmail.com
Maimonides,camisylvester@berkeley.edu
Malion Circle at Berkeley,
Management Consulting Club at Berkeley,yeunlee000105@berkeley.edu
"Management, Entrepreneurship & Technology Student Board",sravyab@berkeley.edu
Malaysian Student Association at Berkeley,berkeleymasa@gmail.com
March of Dimes Collegiate Council,marchofdimesberkeley@gmail.com
Mariachi Luz de Oro,ucbmariachi@gmail.com
Master of Design Student Association (MDSA),mdsa_executiveboard@lists.berkeley.edu
Masked Heroes Initiative at Berkeley,
Materials Science and Engineering Association,general@msea.berkeley.edu 
Math Tournament at Berkeley,questions@bmt.berkeley.edu 
Materials Science and Engineering Graduate Student Council,arutt@berkeley.edu
Mathematics Graduate Students Association,mgsa@math.berkeley.edu
Mathematics Undergraduate Student Association,musa@math.berkeley.edu
Matriculate,info@matriculate.org
Maya at Berkeley,mayaatcal@gmail.com
MBA Association,
Mechanical Engineering Competition Team at Berkeley,treyriddle@berkeley.edu
Medical Division at the Suitcase Clinic,jmpsuitcase@gmail.com
Medical Research Club,
Mechanical Engineering Graduate Student Council,admin@megsco.berkeley.edu
Medical Reallocation Initiative,teambmri@gmail.com
Medics in Armenia at Berkeley,armen.n.demirjian@berkeley.edu
MEDLIFE,ucbmedlife@gmail.com
Medical Technology at Berkeley ,ucbmtab@gmail.com
Medicine Through Art & Performance,mtapberkeley@gmail.com
Microfinance at Berkeley,berkeleymicrofinance@gmail.com
MERCY Worldwide at Berkeley,
MI2 @ Berkeley,mi2atberkeley@gmail.com
Middle Eastern and North African Law Students Association (Formerly Middle Eastern Law Students Association),berkeleylawmelsa@gmail.com
Middle Eastern Business Association,mrayes@berkeley.edu
Middle Eastern Medical Society,
Middle Eastern North African Recruitment and Retention Center,ucberkeleymenarrc@gmail.com
Mindfulness at Berkeley,mindfulnessatberkeley@gmail.com
Military and Veterans at Berkeley Law,mvbl@berkeley.edu
Minecraft at Berkeley,
Minorities in Health Conference,
Mixed @ Berkeley Recruitment and Retention Center - MRRC (formerly Mixed Student Union - MSU),mixedatberkeley@gmail.com
Mobile Developers of Berkeley,contact@mdb.dev
Molecular and Cell Biology Cell Developmental Neurobiological Association,mcbcdna@gmail.com
Molecular Cell Biology Graduate Student Organization,mcbgso@gmail.com
Mood Psychology at Berkeley,moodpsych@gmail.com
Molecular and Cell Biology Undergraduate Student Association,mcbusa@gmail.com
Mongolian Student Association,
Morning Sign Out,admin@morningsignout.berkeley.edu
MOVE: AA Community Organizing Fellowship (Formerly known as: MOVE: API Organizing Fellowship),movefellowshipcal@gmail.com
"Movement, The",ucb.movement@gmail.com
Mujeres Activas en Letras y Cambio Social at Berkeley,malcs.ucberkeley@gmail.com
Multi-Cultural Greek Council ,mcgc.president@calgreeks.com
"Music Connection, The",tmcberkeley@gmail.com
Museum of Tomorrow at Berkeley,museumoftomorrow@gmail.com
Muslim Mental Health Initiative,calmmhi@gmail.com
Muslim Student Association,board@msa.berkeley.edu
Myopia Control Club at Berkeley (MCC),
NALA Project at Berkeley,nalaproject@berkeley.edu
Namchak at Berkeley,CompassionInActionUCBerkeley@gmail.com
Name and Gender Change Workshop,ngcwberkeley@gmail.com
"National Lawyers Guild, Berkeley Law Chapter",nlgberkeleylaw@gmail.com
National Forensics Association Debate at Berkeley,calparli@gmail.com
National Association of Black Journalists,nabj.cal@gmail.com
National Optometric Student Association ,nosa.berkeley@gmail.com
National Organization of Minority Architects Students,nomas.berkeley@gmail.com
National Pan-Hellenic Council (NPHC),calnphc9@gmail.com
Nazakat at Berkeley,calkathak@gmail.com
National Student Speech Language Hearing Association at Berkeley,nsslhaatberkeley@gmail.com
National Society of Leadership and Success- Sigma Alpha Pi,nslsucberkeley@gmail.com
Natya at Berkeley,natyaberkeley@gmail.com
Native American Law Students Association,nalsa.ucberkeley@gmail.com
Nepalese Student Association,tenzingsherpa@berkeley.edu
Neurotechnology at Berkeley,contact@neurotech.berkeley.edu
Net Impact Berkeley,net-impact@berkeley.edu
Next Generation Consulting at Berkeley,ngcberkeley@gmail.com
Nikkei Choral Ensemble,nikkeichoralensemble@gmail.com
Nigerian Students Association,nsa.ucb@gmail.com
Nikkei Student Union,berkeleynsu@gmail.com
NODE,
"Noetherian Ring, The",nring@math.berkeley.edu
Non-Traditional at Berkeley,
Nuclear Policy Working Group,austin_mullen@berkeley.edu
Nurturing Infants and Care for the Underrepresented,nicu@nicu.berkeley.edu
Nukids Nubies,
NutrigenomX at Berkeley,nutrigenomxberkeley@gmail.com
Ocean Society of Berkeley,caloceansociety@gmail.com
Older Wiser Law Students of Berkeley,berkeley.owls@gmail.com
Oakland Asian Student Educational Services,oases@ebayc.org
"Omega Phi Beta Sorority, Inc.",betamu@omegaphibeta.org
"Omniscient Tutor, The",support@itot.berkeley.edu
One For the World,karanvaswani29@berkeley.edu
One Health Student Initiative,onehealthsiatcal@gmail.com
ONETrack International at Berkeley,ucb.onetrackinternational@gmail.com
"Omega Psi Phi Fraternity, Inc.",epsilonmuques1911@gmail.com
Operation Smile at Berkeley (Formerly Operation Smile),operationsmileberkeley@gmail.com
Open Science @ Berkeley,
Optometric Business Management Club of Berkeley (formerly known as Private Practice Club of Berkeley),ucbso.obm@gmail.com
Optimir Consulting,optimirconsulting@gmail.com
Opportunity Through Data,info@otd.berkeley.edu
Organization of Jewish Graduate Students,sfk@berkeley.edu
Optometry Class of 2024 at Berkeley,
Optometry Class of 2025 at Berkeley (Formerly Optometry Class of 2021 at Berkeley),ucosa.2025classpres@gmail.com
Optometry Class of 2023 at Berkeley (formerly Optometry Class of 2019),ucosa.2023classpres@gmail.com
Out for Business at Berkeley,o4bberkeley@gmail.com
"Out in Science, Technology, Engineering, and Mathematics",ostemberkeley@gmail.com
Outlet,outlet.berkeley@gmail.com
OWN IT at Berkeley,mpacifico@berkeley.edu
Pakistani Student Association,berkeleypsa@gmail.com
Pacific Islanders at Cal,ucbpacbears@gmail.com
Palestine Advocacy Legal Assistance Project,pala@berkeley.edu
Overwatch at Berkeley,
Palestinian Public Health at UC Berkeley,palestinianpublichealth@gmail.com
Panel to the People,ucb.panel2people@gmail.com
Panhellenic Council (PHC),phc.hrc@calgreeks.com
Paper Crane,papercrane.berkeley@gmail.com
Paragon Consulting at Berkeley,ucb.paragon.consulting@gmail.com
Partners In Health Engage at Berkeley ,pih.engage.ucberkeley@gmail.com
Partnership for Pre-Professional Pilipinxs,ucberkeleyp4@gmail.com
Parliamentary Debate at Berkeley,calparli@gmail.com
Patient Advocacy Student Group,prarthanab@berkeley.edu
Patent Law Society,patent.berkeley@gmail.com
Paws for Mental Health (Formerly De-Stress with Dogs),pmh.berkeley@gmail.com
Peer Wellness Coalition ,peerwellnesscoalition@gmail.com
People of Color in Greek Life ,
Perennial: The Undergraduate Environmental Journal of Berkeley,calperennial@gmail.com
"Peers Espousing Amiability, Cooperation, and Education",peaceatberkeley@gmail.com
"PERIOD Project at Berkeley, The",period.berkeley@gmail.com
Perspective Magazine,info@perspective.berkeley.edu
PhD Consulting Club at Berkeley,phdconsultingclub@gmail.com
"Phi Alpha Delta Law Fraternity, International",president.berkeleypad@gmail.com
Phalanx: Pre-Medical Consulting,phalanxpremed@gmail.com
Phi Alpha Theta,phat.berkeley@gmail.com
Phi Chi Pre-Health Fraternity,berkeleyphichi@gmail.com
Phi Delta Epsilon,berkeleyphide@gmail.com
Phi Delta Theta,
Phi Kappa Psi,calphipsi@gmail.com
Philosophy Forum ,calphilforum@gmail.com
Phi Kappa Sigma,calphikapp@gmail.com
Phi Sigma Rho,calphirho@gmail.com
Phi Kappa Tau,colinsnyder3@berkeley.edu
Phoenix Consulting Group,emily.gu@berkeley.edu
Phoenix Symphony at Berkeley  ,phoenixsymphonyab@gmail.com
Pi Beta Phi,cabeta@pibetaphi.org
Pi Kappa Alpha,
Pi Sigma Epsilon,berkeleypse.president@gmail.com
Pi Kappa Phi,pikappcal@gmail.com
Pi Tau Sigma,ucberkeleypts@gmail.com
Pi Sigma Alpha - Iota Chapter,berkeleypisigmaalpha@gmail.com
Pilipino American Alliance,paa.chair@gmail.com
Pi Lambda Phi,rexcalpilam@gmail.com
Pilipino American Graduate Student Association,
Pilipino American Law Society,pals@berkeley.edu
Pilipino Basketball Association,ucbpba.exec@gmail.com
Pilipinx Academic Student Services,pass.executive@gmail.com
"Pilipinx Association of Scientists, Architects, and Engineers (Formerly Pilipino Association of Scientists, Architects, and Engineers)",general@pasae.berkeley.edu
Pilipino Association for Health Careers,pahc.exec@gmail.com
Pivot Consulting,pivotconsulting.berkeley@gmail.com
Pioneers in Engineering,recruiting@pioneers.berkeley.edu
Plaintiffs' Law Association,
Planning Students Association,o.ortiz@berkeley.edu
Plant & Microbial Biology Graduate Student Group,
PlexTech,info@plextech.berkeley.edu
Planty Social,
Pointe of Berkeley,pointe.berkeley@gmail.com
Plant Futures Initiative at Berkeley,kelly_horan@berkeley.edu
Pokemon Club at Berkeley,pokemonclubcal@gmail.com
Poker at Berkeley,pokeratberkeley@gmail.com
Police Review Project,berkeleypolicereviewproject@law.berkeley.edu
Policy Debate at Berkeley,mfeusterman@berkeley.edu
Political & Advocacy Organization Category (undergraduate) - Advised by Millicent Morris Chaney,lead@berkeley.edu
Polish Club of Berkeley,info@polishclub.berkeley.edu
Political Computer Science ,pcs.berkeley@gmail.com
Political and Election Empowerment Project,sara_clark@berkeley.edu
"Post-Conviction Advocacy Project, The",p-cap@berkeley.edu
Power of a Princess,powerofaprincessberkeley@gmail.com
POWER-Bay Area: Physical science Opportunities for Women in Education and Research,
Pre-Law Review at Berkeley,calprelawreview@gmail.com
Pre-PA Club at Berkeley ,Prepaberkeley@gmail.com
Pre-Medical Honor Society,ucberkeleypmhs@gmail.com
"Pre-Pharmacy Informational, Learning and Leadership Society",pills.prepharmacy@gmail.com
Pre-Nursing Society,prenursingsociety@gmail.com
PreDental Society,calpredentalsociety@gmail.com
Prisoner Advocacy Network at Berkeley,prisoneradvocacy@berkeley.edu
Pro Bonotes (formerly Boalt A Cappella),boaltacappella@gmail.com
Privacy Law at Berkeley,info@privlab.berkeley.edu
Product Space,cal@productspace.org
Product Garage at Berkeley,
Project Coordinator Liaison,
"Project RISHI, The Berkeley Chapter",ucberkeley@projectrishi.org
Project Spreading Multiculturalism and Inspiring Leadership through Education,psmileinfo@gmail.com
Prytanean Women's Honor Society (Formerly women in leadership),leadership@prytanean.berkeley.edu
Public Health Law at Berkeley,
Psychology Group at Berkeley,berkeleypsychologygroup@gmail.com
Psi Chi,psichi@berkeley.edu
Public Health Advocate,editorialboard@pha.berkeley.edu
Psychedelic Science at Berkeley,ucbpsychedelics@gmail.com
Public Interest Law and Technology (Formerly Technology and Public Interest Law and Policy),publicinterestlawandtech@berkeley.edu
Publications Group Category (undergraduate)  - Advised by Millicent Morris-Chaney,lead@berkeley.edu
Puente at Berkeley,puenteatberkeley@gmail.com
Punjabis at Berkeley,punjabisatberk@gmail.com
Queeks,
Quantum Computing at Berkeley,lytz@berkeley.edu
Queer + Allied Pre-Health / Pre-Medical Association,berkeleyqappa@gmail.com
Queer Alliance & Resource Center,board@ucbqarc.org
Puerto Rico Se Levanta,ramgils@berkeley.edu
Queer and Trans Geographers of Berkeley,samstein@berkeley.edu
Queer Grads,
Queer Caucus,caucus@law.berkeley.edu
Queering Public Health,queersph@berkeley.edu
Queer Art and Fashion Show ,isamfitz@berkeley.edu
Queer and/or Women’s Anime Association,
Queers in Computer Science and Engineering,qicse@lists.eecs.berkeley.edu
Queers United in Revolutionary Subversion,berkeleyquirs@gmail.com
Quidditch League at Berkeley,captains.calquidditch@gmail.com
qui parle: Critical Humanities and Social Sciences,kyra_sutton@berkeley.edu
Quiz Bowl Club,vrohan@berkeley.edu
Ra-On,raon.staff@gmail.com
Raas Ramzat,ucb.raasramzat@gmail.com
Radical Geographers Working Group,samstein@berkeley.edu
Raíces Recruitment and Retention Center (formerly Raza Recruitment and Retention Center),executive@raices.berkeley.edu
REACH! Asian Pacific American Recruitment and Retention Center,core@reach.berkeley.edu
Reclaim,reclaimab@gmail.com
Redefine Her Street at Berkeley,redefineherstreetberkeley@gmail.com
Recreational Organizations Category (undergraduate) - Advised by Millicent Morris-Chaney,lead@berkeley.edu
REEL Film Club,gracekelly@berkeley.edu
Reentry Advocacy Project ,reentryadvocacy@berkeley.edu
Regents' and Chancellor's Scholars Association,berkeleyrcsa@gmail.com
Reinnervate ,reinnervate@gmail.com
Reformed University Fellowship,Chase.daws@ruf.org
Renters' Legal Assistance (Formerly ASUC Renters' Legal Assistance),asucrlastaff@gmail.com
Reproductive Justice Project,brookedb@berkeley.edu
ReUSE,ucberkeleyreuse@gmail.com
"Rhetoric Society at Berkeley, The",emmatavangari@berkeley.edu 
Rising Immigrant Scholars through Education - RISE,riseatberkeley@gmail.com
Residence Hall Assembly,rha@berkeley.edu
Rocket League at Berkeley,14neil@berkeley.edu
RoboBears,calrobobears@gmail.com
Room One Thousand,roomonethousand@gmail.com
Roosevelt Network at Berkeley,
Rubik's Cube Club at Berkeley,berkeleycubeclub@gmail.com
Russian Student Association ,russian.berkeley@gmail.com
SAAS [Formerly Student Association for Applied Statistics],contact@saas.berkeley.edu
Sahaara at Berkeley ,ucb.sahaara@gmail.com
"Sage Mentorship Project, The",president@sagementorship.org
Sales and Trading Club at Berkeley,berkeleyfinanceclub@gmail.com
Salsa at Cal ,salsaatcal@gmail.com
SACNAS for Graduate Students at Berkeley,berkeley.sacnas@gmail.com
Saudi Arabian Association at Berkeley,berkeley.saab@gmail.com
Scholars of Finance ,uc-berkeley@scholarsoffinance.org
School of Public Health Student Government,sphsg@berkeley.edu
Science Leadership and Management,berkeley.SLAM@gmail.com
School Psychology Student Association,spsa.info@gmail.com
Science Fiction and Fantasy Short Story Workshop,scifiandfantasywritersworkshop@gmail.com
Science Policy Group at Berkeley,calscipol@gmail.com
Science Olympiad at Berkeley,goldengatescioly@gmail.com
Sciences Po-Berkeley Student Board,spucb.studentboard@gmail.com
SCUBA at Berkeley,scubaberkeley@gmail.com
SDG Undergraduate Research Group,surg.berkeley@gmail.com
See the Lord – Student Chapter at Berkeley,vincentooi@berkeley.edu
SEAONC at Berkeley,calseaonc@gmail.com
Seed Base Consulting,seedbaseconsulting@gmail.com
Sexual Orientation & Gender Advocacy (GA Project),
Service Group Category (undergraduate) - Advised by Millicent Morris Chaney,lead@berkeley.edu
Sigma Alpha Mu,calsam.prior@gmail.com
Sigma Alpha Nu,sigmaalphanu.cal@gmail.com
Sigma Chi,
Sigma Epsilon Omega,info@sigmaepsilonomega.com
Sigma Eta Pi,ucbsep@gmail.com
Sigma Kappa,lambdaskpresident@gmail.com
"Sigma Gamma Rho Sorority, Inc.",betapsichapter1958@gmail.com
Sigma Mu Delta,ucbsmdpresident@gmail.com
Sigma Nu,ckeesey@berkeley.edu
Sigma Omicron Pi,alphasopipresident@gmail.com
Sigma Phi Omega,
Sigma Pi,
"Sigma Psi Zeta Sorority, Inc.",syz.aicharter@gmail.com
Singapore Student Association (formerly Singapore Malaysia Student Association),contactus@ssa.berkeley.edu
"Sigma Pi Alpha Sorority, Inc.",alphachapter.president1996@gmail.com
Skateboarding at Berkeley,
Sikh Students Association,ucbssa@gmail.com
Sketchicho!,sketchicho.ucb@gmail.com
SKY Campus Happiness Club at Berkeley,club@skyhappiness.berkeley.edu
Sky&X Aerospace,ronaldo.zhang@berkeley.edu
Soccer Analysis Club at Berkeley,
"Smart Ass, The",smartass@caldems.com
Social Welfare,socialwelfareberkeley@gmail.com
Ski and Snowboard Team at Berkeley,calskiandsnowboardteam@gmail.com
Society for Conservation Biology Berkeley Chapter,consbio@lists.berkeley.edu
Society for the Study of Modern Visual Culture at Berkeley,
Society of Women Engineers,swe.berkeley@gmail.com
Society of Engineering Sciences,berkeleyses@gmail.com
Society of Linguistics Undergraduate Students,calslugs@gmail.com
Society of Physics Students at Berkeley,admin@sps.berkeley.edu
Songwriting at Berkeley,songwriting.at.berkeley@gmail.com
South Indian Society,mangai@berkeley.edu
South Asian Law Students Association,salsa@law.berkeley.edu
Soon Movement,
Southeast Asian Student Coalition,UCB.SASC@gmail.com
Space Enterprise at Berkeley ,info@seb.berkeley.edu
Southeast Asian Mentorship,ucb.seam@gmail.com
Southeast Asian Prison Outreach Project ,
Space Technologies and Rocketry,ucberkeleystar@gmail.com
Space Law Society at Berkeley Law (FORMERLY Boalt Hall Space Law Society),spacelawsociety@law.berkeley.edu
Speak Out Now (formerly Students for Social Change),speakoutnowcal@gmail.com
Space Technologies at California,execs@stac.berkeley.edu
Spectrum: Autism at Cal,spectrumatcal@gmail.com
Speaker Series: India at Berkeley,indiaconference@berkeley.edu
Splash at Berkeley,splash.berkeley@gmail.com
Sports Clubs - Berkeley Recreational Sports,
Sports Analytics Group at Berkeley,sagberkeley@gmail.com
Spiritual Organizations Category (undergraduate) - Advised by Millicent Morris Chaney,lead@berkeley.edu
Spoon University at Berkeley,calspoonuniversity@gmail.com
SportsMED,sportsmedatcal@gmail.com
Spring Foundation,springfoundation.berkeley@gmail.com
Sproul Stompers,lindyonthesproul@gmail.com
Statistics Graduate Students Association,sgsa-stat@berkeley.edu
Steel Bridge Competition Team,steelbridge.berkeley@gmail.com
"Startup Law Initiative, The",startuplawinitiative@berkeley.edu
Starting Point STEM,startingpointstem@gmail.com
STEM Ed. at Berkeley,stemedonline@gmail.com
Steminism,
Student American Academy of Optometry,
Storywish,storywishatberkeley@gmail.com
Student Food Collective,chair@foodcollective.org
Student Association at Berkeley Law ,
Student Immigration Relief Clinic at Berkeley,studentimmigrationreliefclinic@gmail.com
Student Collaborative for Impact Leadership (Formerly Center for Health Leadership Association),scil@berkeley.edu
Student Nutrition Advocacy Club,ucbsnac@gmail.com
Student Association for Fire Ecology at Berkeley,ctubbesing@berkeley.edu
Student Organic Gardening Association,studentorganicgarden@gmail.com
Student Organization for Advanced Legal Studies,soals@berkeley.edu
Students for a National Health Program,
Student Premed Advising Network,spanadvisors@gmail.com
Student to Student Peer Counseling,sspcemail@gmail.com
Student Parent Food Donations Program,fooddonations@ocf.berkeley.edu
Students for Basic Needs Justice,basicneedscenter@berkeley.edu
Students for Economic and Environmental Justice,seej.berkeleylaw@gmail.com
Students for Life at Berkeley,berkeley4life@gmail.com
"Students for Racial justice, Inclusion, Diversity, and Equity",churtado@berkeley.edu
Students of Color Environmental Collective,socenvcollective@gmail.com
Students for Sensible Drug Policy UC Berkeley Chapter,ucberkeley@chapters.ssdp.org
Students of Color in Public Policy,scipp.leadership@lists.berkeley.edu
Students vs Pandemics at Berkeley,berkeleysvp@gmail.com
Suitcase Clinic,suitcaseclinic1989@gmail.com
Summer International Exchange,
Supreme Corks,supremecorks@gmail.com
Survivor Advocacy Project,BerkeleyLawSAP@berkeley.edu
Surfrider Foundation Club in Berkeley,berkeley@clubs.surfrider.org
Sustainable Efforts in Environmental Design (Formerly Sustainable Environmental Designers Interacting Networking Connecting),sustainabledesign.cal@gmail.com
Sustainable Housing at California (Formerly THIMBY/Solar Decathlon),info@shac.berkeley.edu
Swim Club at Berkeley ,taylorpark@berkeley.edu 
T-Cal,info@tcalberkeley.org
T.I.n.Y. Chinese Theatre Group,tiny.berkeley@gmail.com
Taiwanese American Student Association,tasa.berkeley@gmail.com
Taiwanese Student Association,tsa.berkeley@gmail.com
TAMID Group,ucbtamid@gmail.com
Tau Kappa Epsilon,contact@tkenu.com
Tau Beta Pi,current-exec@tbp.berkeley.edu
TBD Comedy,tbdcomedy@gmail.com
TASSEL at Berkeley ,sydneyabelson@berkeley.edu
Team HBV,ucberkeley@teamhbv.org
Tech Chair,
TechGYRLS Mentoring Program,techgyrls@ywca-berkeley.org
Telegraph+,telegraphplus@gmail.com
Tetris at Berkeley,
Thai Students Association,cal.thaisa@gmail.com
The Berkeley Group,theberkeleygroup@gmail.com
TEST GA Graduate Women ,
The Connected Foundation at Berkeley,
Thaqalayn Islamic Society of Berkeley (Formerly Islamic Awareness of Berkeley),thaqalaynislamic@gmail.com
The Future is Nova,socialsnova@gmail.com
Theater for Charity,ucbtheaterforcharity@gmail.com
Theta Chi,
"Thomistic Institute at Berkeley, The",calthomisticinstitute@gmail.com
Thrive Aspire Lead (formerly known as True Asian Leaders),thriveaspirelead@gmail.com
Thrive Dance Company,thrivedance.cal@gmail.com
Tikvah: Students for Israel,tikvahsfi@gmail.com
Toastmasters on Campus,toastmastersoncampus@gmail.com
Tokiha,moniquegomes@tokiha.org
To An Unknown God,taug@berkeley.edu
Traders at Berkeley,club@traders.berkeley.edu
Transfers at Berkeley Law,berkeleylawtransfers@gmail.com
TransferMD@Berkeley ,transfermdberkeley@gmail.com
Translational Medicine and Stem Cell Association ,tmscaberkeley@gmail.com
Transportation Graduate Students Organizing Committee,transoc@berkeley.edu
Transportation Team at Berkeley,michaelleong@berkeley.edu
Tri-Service Corps of Cadets,ryanwchen@berkeley.edu
TrueLement,truelement@gmail.com
Turkish Student Association at Berkeley,turk.ucb@gmail.com
Turning Point USA at Berkeley,
UC Berkeley Indus,induspresidents@gmail.com
Tzu Chi Compassion Relief Foundation,berkeleytc@gmail.com
UC Jazz Ensemble,tmoore@ucjazz.berkeley.edu
UC Berkeley Model United Nations,secretary@ucbmun.org
UC Rally Committee,ucrc.chair@gmail.com
Unbounded Representation,urep@math.berkeley.edu
Undergraduate Astronomy Society - Berkeley,ucbuas@gmail.com
Undergraduate Business Group,
Undergraduate Economics Association,ucberkeleyuea@gmail.com
Unconscious Bias Project at Berkeley,unconsciousbiasstem@gmail.com
Undergraduate Group for Theoretical Computing,ugtcs@berkeley.edu
Undergraduate Finance Association|Undergraduate Management Consulting Group,ufa.umcg@gmail.com
Undergraduate Journal of Psychology at Berkeley,team@ujpb.berkeley.edu
Undergraduate Journal of Classics at Berkeley,berkeleyujc@gmail.com
Undergraduate Marketing Association,uma.ucberkeley@gmail.com
Undergraduate Laboratory at Berkeley (ULAB),directors@ulab.berkeley.edu
Undergraduate Political Science Association,upsa.berkeley@gmail.com
Undergraduate Legal Honors Society (Formerly Law in Practice at Berkeley),board@ulhs.berkeley.edu
Undergraduate Real Estate Club,newton.szeto@berkeley.edu
Undergraduate Street Medicine Outreach,UndergraduateStreetMedOutreach@gmail.com
Undergraduate Moot Court Team,
Undergraduate Student Council of the College of Environmental Design,cedugsc@berkeley.edu
Underground Scholars Initiative,undergroundscholars@berkeley.edu
Undergraduate Women in Economics at Berkeley,
UNICEF at Berkeley,calunicef@gmail.com
Underrepresented Minorities in Economics (Formerly Students of Color in Economics),ume@ume.berkeley.edu
Underwater Robotics at Berkeley (Formerly Autonomous Underwater Vehicles Team at Berkeley) ,communications@urobotics.berkeley.edu
Unicycling at Berkeley,
United Nations Association of Berkeley,unaberkeley@gmail.com
United Geographers Society of Berkeley,berkeleybugs@gmail.com
Unity in Christ,calunityinchrist@gmail.com
Unmanned Aerial Vehicles at Berkeley ,admin@uav.berkeley.edu
UNITY Resource Center,unitytp@berkeley.edu
Universities Allied for Essential Medicines,caluaem@gmail.com
Upsilon Pi Epsilon,info@upe.berkeley.edu
UpSync,berkeleyupsync@gmail.com
Valley Consulting Group,info@vcg.berkeley.edu
"Vanguard at Berkeley, The",
Venture Capital at Berkeley,berkeleyventurecap@gmail.com
Vision Development Club of Berkeley ,vdc.berkeleyoptometry@gmail.com
VIDA Medical Volunteer,berkeley@vidavolunteertravel.org
VISION ,outreach@calvsa.com
Vision Science Club,michele_winter@berkeley.edu
Vietnamese Student Association,president@calvsa.com
Venture Strategy Solutions Consulting,contact@venture.berkeley.edu
Veritas Graduate Christian Fellowship,veritasleaders@lists.berkeley.edu
Visiting Scholars Ministry,
Volunteer Health Interpreters Organization,cal.vhio@gmail.com
VOSAP,pranav.desai@voiceofsap.com
Voyager Consulting,info.voyagerconsulting@gmail.com
Volunteer Income Tax Assistance Program,ucberkeleyvita@gmail.com
Volunteers for Medical Outreach,calvmo@gmail.com
Volunteers Around the World at Berkeley,berkeleyvaw@gmail.com
WACK - We are Changing Kulture,wackulture@gmail.com
Wage Justice Clinic,berkeleywagejustice@berkeley.edu
Water Bears Engineering Competition Team,leonliu22@berkeley.edu
Water ski and Wakeboard Association at Berkeley,mariana_vacacast@berkeley.edu
Wave Makers of Berkeley,WaveMakers@berkeley.edu
Web Design and Development at Berkeley,ask@wdd.io
Web Development at Berkeley,webatberkeley@gmail.com
Whale Watchers at Berkeley,
Wildlife Society at Berkeley,cawelch@berkeley.edu
Women in Computer Science and Electrical Engineering,wicse-presidents@lists.eecs.berkeley.edu
Women and Youth Supporting Each Other,calwyse@gmail.com
With a Vision (Formerly Koinonia Campus Fellowship),ang2009las@berkeley.edu
Women in Computing and Data Science at Berkeley,berkeleywicds@gmail.com
Women in Politics at Berkeley,womeninpoliticsatberkeley@gmail.com
Women in Public Policy,
Women in Science at Berkeley (Formerly IB Women in Science),
Women in Tech Law ,witl@berkeley.edu
Women of Color Initiative,
Womxn Ignite at Berkeley,womxnigniteatberkeley@gmail.com
Womxn in Chemistry Initiative,wiciberkeley@gmail.com
Womxn in Mathematics at Berkeley (Formerly Women in Mathematics at Berkeley),ucbwim@gmail.com
Womxn of Berkeley Law (formerly known as Women's Association at Berkeley Law),wobl@berkeley.edu
Womxn of Color Collective(formerly known as Berkeley Law Women of Color Collective),berkeleylawwocc@gmail.com
Workers' Rights Clinic,workersrightsclinic@berkeley.edu
Workers Rights Disability Law Clinic,berkeley.wrdlc@gmail.com
Wrestling Club at Berkeley,berkeleywrestlingofficial@gmail.com
Yemeni Student Association of Berkeley ,communications@ysa.berkeley.edu
Young Democratic Socialists of America at Berkeley,calydsa@gmail.com
Young Disciples at Berkeley,calvaryofgod@gmail.com
You Mean More,youmeanmore@gmail.com
Youth Advocacy Project,yap@berkeley.edu
Young Americans for Liberty,douglas_koehler@berkeley.edu
Young Musicians Outreach at Berkeley,jay.xiong77@berkeley.edu
Youth Empowering Nation,
Youth Housing Coalition at Berkeley,berkeleyyouthhousingcoalition@gmail.com
Zahanat,ucberkeleyzahanat@gmail.com
Zeta Phi Beta,
Zeta Tau Alpha,ztacalpresident@gmail.com
